Project,From,Execution,To,FromLocation,FromSuccessCheckPoint,FromFailCheckPoint,FromShowCheckPoint,FromType,FromLastTime,FromResult,FromDescription,ToLocation,ToSuccessCheckPoint,ToFailCheckPoint,ToShowCheckPoint,ToType,ToLastTime,ToResult,ToDescription,Periodic,Replace,Description,Virtical
common,doxygen-test-src/*,doxygen,test-1/output/perlmod/DoxyDocs.pm,,,,,text,,,[[https://github.com/cheoljoo/doxygen_perlmod_python git_repository]]\ncommon srouce code for testcase,,,,,text,,,,,,,O
markdown,test-1/output/perlmod/DoxyDocs.pm,test-1/output/perlmod/doxy2py.pl,test-1/output/perlmod/DoxyDocs.py,,,,,text,,,make test1,,,,,text,,,perl-to-python,,,,
markdown,test-1/output/perlmod/DoxyDocs.py,sample-test.py,test-1/output/perlmod/output.md,,,,,text,,,,,,,,text,,,[[http://tiger02.lge.com/cheoljoo.lee/code/doxygen_perlmod_python/test-1/output/perlmod/output.md markdown]],,,,
html,,doxygen,test-server/output/perlmod/DoxyDocs.pm,,,,,text,,,,,,,,text,,,,,,,
html,test-server/output/perlmod/DoxyDocs.pm,test-server/output/perlmod/doxy2py.pl,test-server/output/perlmod/DoxyDocs.py,,,,,text,,,make testserver,,,,,text,,,perl-to-python,,,,
html,test-server/output/perlmod/DoxyDocs.py,sample-server.py,test-server/output/perlmod/output.html,,,,,text,,,,,,,,text,,,[[http://tiger02.lge.com/cheoljoo.lee/code/doxygen_perlmod_python/test-server/output/perlmod/output.html html]],,,,
mako,,doxygen,test-mako/output/perlmod/DoxyDocs.pm,,,,,text,,,,,,,,text,,,,,,,
mako,test-mako/output/perlmod/DoxyDocs.pm,test-mako/output/perlmod/doxy2py.pl,test-mako/output/perlmod/DoxyDocs.py,,,,,text,,,make testmako,,,,,text,,,perl-to-python,,,,
mako,test-mako/output/perlmod/DoxyDocs.py,sample-mako.py,test-mako/output/perlmod/class.mako.html,,,,,text,,,,,,,,text,,,[[http://tiger02.lge.com/cheoljoo.lee/code/doxygen_perlmod_python/test-mako/output/perlmod/class.mako.html html (mako)]],,,,
mako,test-mako/output/perlmod/class.mako,sample-mako.py,,,,,,text,,,mako input,,,,,text,,,,,,,
tcmd,${INDIR}=>services/call [tcmd],tcmd/copyFile.py,tcmd/_hpp_,,,,,text,,,input header directory,,,,,text,,,gather all header files,,,,
tcmd,tcmd/_hpp_,doxygen [tcmd],tcmd/DoxyDocs.pm,,,,,text,,,,,,,,text,,,,,,,
tcmd,tcmd/DoxyDocs.pm,tcmd/doxy2py.pl,tcmd/DoxyDocs.py,,,,,text,,,make INDIR= OUTDIR=,,,,,text,,,perl-to-python,,,,
tcmd,tcmd/_hpp_,tcmd/hpp2plantuml.py,tcmd/_plantuml/*,,,,,text,,,,,,,,text,,,,,,,
tcmd,tcmd/_plantuml/*,tcmd/sample-mako.py,,,,,,text,,,,,,,,text,,,,,,,
tcmd,tcmd/DoxyDocs.py,tcmd/sample-mako.py,${OUTDIR}/class.mako.html [tcmd],,,,,text,,,,,,,,text,,,[[http://tiger02.lge.com/cheoljoo.lee/code/doxygen_perlmod_python/tcmd/module/regionService/class.mako.html html (mako)]]\nuse plantuml-server,,,,
tcmd,tcmd/class.mako,tcmd/sample-mako.py,,,,,,text,,,mako input,,,,,text,,,,,,,
taf-1-docker,vaeum/alpine-python3-pip3 [docker image],taf/taf_create_docker.sh,doxygen_perlmod_python [docker image],,,,,text,,,pure python docker image,,,,,text,,,useful docker image with python modules,,,,
taf-2-single,${INDIR}=>services/call [taf],taf/copyFile.py,taf/_hpp_,,,,,text,,,input header directory,,,,,text,,,gather all header files,,,,
taf-2-single,taf/_hpp_,doxygen [taf],taf/DoxyDocs.pm,,,,,text,,,,,,,,text,,,,,,,
taf-2-single,taf/DoxyDocs.pm,taf/doxy2py.pl,taf/DoxyDocs.py,,,,,text,,,make INDIR= OUTDIR=,,,,,text,,,perl-to-python,,,,
taf-2-single,doxygen_perlmod_python [docker image],taf/hpp2plantuml.py [in docker],,,,,,text,,,docker,,,,,text,,,,,,,
taf-2-single,taf/_hpp_,taf/hpp2plantuml.py [in docker],taf/_plantuml/*,,,,,text,,,input header directory,,,,,text,,,,,,,
taf-2-single,taf/_plantuml/*,taf/sample-mako.py [in docker],,,,,,text,,,,,,,,text,,,,,,,
taf-2-single,taf/DoxyDocs.py,taf/sample-mako.py [in docker],${OUTDIR}/class.mako.html [taf],,,,,text,,,,,,,,text,,,single [[http://tiger02.lge.com/cheoljoo.lee/code/doxygen_perlmod_python/taf/module/call/class.mako.html html]]\nmultiple [[http://tiger02.lge.com/cheoljoo.lee/code/doxygen_perlmod_python/taf/module/ html]]\nuse plantuml-server,,,,
taf-2-single,taf/class.mako,taf/sample-mako.py [in docker],,,,,,text,,,mako input,,,,,text,,,,,,,
taf-3-multiple,${INDIR}=>services [taf],taf/runParallel.py,taf/_doc_service_*/_hpp_,,,,,text,,,it has several services,,,,,text,,,generate each service directory\nit will run separately in each service directory,,,,
taf-3-multiple,taf/_doc_service_*/_hpp_,doxygen [taf],,,,,,text,,,make -f taf-dock.mk \ninput is each directory,,,,,text,,,,,,,
taf-3-multiple,taf/_doc_service_*/_hpp_,taf/hpp2plantuml.py [in docker],,,,,,text,,,,,,,,text,,,,,,,
,,,,,,,,,,,,,,,,,,,,,,,
,,,,,,,,,,,,,,,,,,,,,,,
,,,,,,,,,,,,,,,,,,,,,,,
,,,,,,,,,,,,,,,,,,,,,,,
,,,,,,,,,,,,,,,,,,,,,,,
,,,,,,,,,,,,,,,,,,,,,,,
,,,,,,,,,,,,,,,,,,,,,,,
,,,,,,,,,,,,,,,,,,,,,,,
,,,,,,,,,,,,,,,,,,,,,,,
,,,,,,,,,,,,,,,,,,,,,,,
,,,,,,,,,,,,,,,,,,,,,,,
,,,,,,,,,,,,,,,,,,,,,,,
,,,,,,,,,,,,,,,,,,,,,,,
,,,,,,,,,,,,,,,,,,,,,,,
,,,,,,,,,,,,,,,,,,,,,,,
,,,,,,,,,,,,,,,,,,,,,,,
,,,,,,,,,,,,,,,,,,,,,,,
,,,,,,,,,,,,,,,,,,,,,,,
,,,,,,,,,,,,,,,,,,,,,,,
,,,,,,,,,,,,,,,,,,,,,,,
,,,,,,,,,,,,,,,,,,,,,,,
,,,,,,,,,,,,,,,,,,,,,,,
,,,,,,,,,,,,,,,,,,,,,,,
,,,,,,,,,,,,,,,,,,,,,,,
,,,,,,,,,,,,,,,,,,,,,,,
,,,,,,,,,,,,,,,,,,,,,,,
,,,,,,,,,,,,,,,,,,,,,,,
,,,,,,,,,,,,,,,,,,,,,,,
,,,,,,,,,,,,,,,,,,,,,,,
,,,,,,,,,,,,,,,,,,,,,,,
,,,,,,,,,,,,,,,,,,,,,,,
,,,,,,,,,,,,,,,,,,,,,,,
,,,,,,,,,,,,,,,,,,,,,,,
,,,,,,,,,,,,,,,,,,,,,,,
,,,,,,,,,,,,,,,,,,,,,,,
,,,,,,,,,,,,,,,,,,,,,,,
,,,,,,,,,,,,,,,,,,,,,,,
,,,,,,,,,,,,,,,,,,,,,,,
,,,,,,,,,,,,,,,,,,,,,,,
,,,,,,,,,,,,,,,,,,,,,,,
,,,,,,,,,,,,,,,,,,,,,,,
,,,,,,,,,,,,,,,,,,,,,,,
,,,,,,,,,,,,,,,,,,,,,,,
,,,,,,,,,,,,,,,,,,,,,,,
,,,,,,,,,,,,,,,,,,,,,,,
,,,,,,,,,,,,,,,,,,,,,,,
,,,,,,,,,,,,,,,,,,,,,,,
,,,,,,,,,,,,,,,,,,,,,,,
,,,,,,,,,,,,,,,,,,,,,,,
,,,,,,,,,,,,,,,,,,,,,,,
,,,,,,,,,,,,,,,,,,,,,,,
,,,,,,,,,,,,,,,,,,,,,,,
,,,,,,,,,,,,,,,,,,,,,,,
,,,,,,,,,,,,,,,,,,,,,,,
,,,,,,,,,,,,,,,,,,,,,,,
,,,,,,,,,,,,,,,,,,,,,,,
,,,,,,,,,,,,,,,,,,,,,,,
,,,,,,,,,,,,,,,,,,,,,,,
,,,,,,,,,,,,,,,,,,,,,,,
,,,,,,,,,,,,,,,,,,,,,,,
,,,,,,,,,,,,,,,,,,,,,,,
,,,,,,,,,,,,,,,,,,,,,,,
,,,,,,,,,,,,,,,,,,,,,,,
,,,,,,,,,,,,,,,,,,,,,,,
,,,,,,,,,,,,,,,,,,,,,,,
,,,,,,,,,,,,,,,,,,,,,,,
,,,,,,,,,,,,,,,,,,,,,,,
,,,,,,,,,,,,,,,,,,,,,,,
,,,,,,,,,,,,,,,,,,,,,,,
,,,,,,,,,,,,,,,,,,,,,,,
